{
    "root_group": {
        "name": "",
        "path": "",
        "id": "d41d8cd98f00b204e9800998ecf8427e",
        "groups": {},
        "checks": {
                "status is 200": {
                    "name": "status is 200",
                    "path": "::status is 200",
                    "id": "6210a8cd14cd70477eba5c5e4cb3fb5f",
                    "passes": 0,
                    "fails": 1501
                }
            }
    },
    "metrics": {
        "http_req_receiving": {
            "med": 0,
            "max": 0,
            "p(90)": 0,
            "p(95)": 0,
            "avg": 0,
            "min": 0
        },
        "iterations": {
            "count": 1501,
            "rate": 49.92650077340008
        },
        "http_req_connecting": {
            "avg": 1.2082516988674228,
            "min": 0,
            "med": 1.0273,
            "max": 19.534,
            "p(90)": 2.2053,
            "p(95)": 2.9778
        },
        "http_req_tls_handshaking": {
            "avg": 0,
            "min": 0,
            "med": 0,
            "max": 0,
            "p(90)": 0,
            "p(95)": 0
        },
        "http_req_waiting": {
            "avg": 3.0902829447035316,
            "min": 0,
            "med": 2.0575,
            "max": 92.6925,
            "p(90)": 4.8484,
            "p(95)": 7.7407
        },
        "vus": {
            "value": 3,
            "min": 3,
            "max": 3
        },
        "vus_max": {
            "max": 100,
            "value": 100,
            "min": 100
        },
        "http_req_duration": {
            "avg": 3.2341242504996663,
            "min": 0,
            "med": 2.175,
            "max": 92.6925,
            "p(90)": 5.0469,
            "p(95)": 8.1778
        },
        "http_req_sending": {
            "avg": 0.143841305796136,
            "min": 0,
            "med": 0,
            "max": 19.6924,
            "p(90)": 0.5539,
            "p(95)": 0.6414
        },
        "http_req_failed": {
            "passes": 1501,
            "fails": 0,
            "thresholds": {
                "rate<0.05": true
            },
            "value": 1
        },
        "checks": {
            "passes": 0,
            "fails": 1501,
            "value": 0
        },
        "iteration_duration": {
            "p(95)": 68.9972,
            "avg": 57.531045169886696,
            "min": 51.6468,
            "med": 54.3381,
            "max": 240.7847,
            "p(90)": 60.9957
        },
        "data_sent": {
            "count": 272954,
            "rate": 9079.039368489437
        },
        "http_reqs": {
            "count": 1501,
            "rate": 49.92650077340008
        },
        "http_req_blocked": {
            "med": 1.0513,
            "max": 26.4945,
            "p(90)": 2.4995,
            "p(95)": 3.2643,
            "avg": 1.3247313124583617,
            "min": 0
        },
        "data_received": {
            "count": 0,
            "rate": 0
        }
    }
}