{
    "metrics": {
        "vus": {
            "value": 11,
            "min": 10,
            "max": 84
        },
        "http_reqs": {
            "count": 6001,
            "rate": 199.65573309707528
        },
        "http_req_failed": {
            "fails": 0,
            "passes": 6001,
            "thresholds": {
                "rate<0.05": true
            },
            "value": 1
        },
        "data_received": {
            "count": 0,
            "rate": 0
        },
        "http_req_sending": {
            "avg": 0.1884854524245962,
            "min": 0,
            "med": 0,
            "max": 21.208,
            "p(90)": 0.5645,
            "p(95)": 0.8054
        },
        "http_req_tls_handshaking": {
            "avg": 0,
            "min": 0,
            "med": 0,
            "max": 0,
            "p(90)": 0,
            "p(95)": 0
        },
        "http_req_connecting": {
            "avg": 1.9884350774870803,
            "min": 0,
            "med": 1.0739,
            "max": 86.4206,
            "p(90)": 3.5179,
            "p(95)": 6.0472
        },
        "http_req_waiting": {
            "p(90)": 14.5624,
            "p(95)": 28.3862,
            "avg": 8.08122844525915,
            "min": 0,
            "med": 2.1822,
            "max": 214.6306
        },
        "checks": {
            "passes": 0,
            "fails": 6001,
            "value": 0
        },
        "http_req_duration": {
            "avg": 8.269713897683738,
            "min": 0,
            "med": 2.2702,
            "max": 214.9899,
            "p(90)": 14.8985,
            "p(95)": 28.5652
        },
        "http_req_blocked": {
            "min": 0,
            "med": 1.0943,
            "max": 234.6139,
            "p(90)": 3.9321,
            "p(95)": 6.7304,
            "avg": 2.2461288285285765
        },
        "iteration_duration": {
            "med": 55.0999,
            "max": 489.9069,
            "p(90)": 119.9128,
            "p(95)": 206.35,
            "avg": 76.26921333111142,
            "min": 51.4082
        },
        "vus_max": {
            "max": 400,
            "value": 400,
            "min": 400
        },
        "data_sent": {
            "count": 1066320,
            "rate": 35476.90406866744
        },
        "iterations": {
            "count": 6001,
            "rate": 199.65573309707528
        },
        "http_req_receiving": {
            "avg": 0,
            "min": 0,
            "med": 0,
            "max": 0,
            "p(90)": 0,
            "p(95)": 0
        }
    },
    "root_group": {
        "path": "",
        "id": "d41d8cd98f00b204e9800998ecf8427e",
        "groups": {},
        "checks": {
                "status is 200": {
                    "name": "status is 200",
                    "path": "::status is 200",
                    "id": "6210a8cd14cd70477eba5c5e4cb3fb5f",
                    "passes": 0,
                    "fails": 6001
                }
            },
        "name": ""
    }
}