{
    "root_group": {
        "name": "",
        "path": "",
        "id": "d41d8cd98f00b204e9800998ecf8427e",
        "groups": {},
        "checks": {
                "status is 200": {
                    "name": "status is 200",
                    "path": "::status is 200",
                    "id": "6210a8cd14cd70477eba5c5e4cb3fb5f",
                    "passes": 0,
                    "fails": 6
                }
            }
    },
    "metrics": {
        "vus_max": {
            "value": 50,
            "min": 50,
            "max": 50
        },
        "http_req_tls_handshaking": {
            "min": 9.4642,
            "med": 12.83005,
            "max": 17.1009,
            "p(90)": 15.163049999999998,
            "p(95)": 16.131975,
            "avg": 12.516916666666665
        },
        "http_req_waiting": {
            "p(90)": 69.41480000000001,
            "p(95)": 96.04355000000001,
            "avg": 30.54531666666667,
            "min": 7.8998,
            "med": 12.87335,
            "max": 122.6723
        },
        "http_reqs": {
            "count": 6,
            "rate": 1.1797219481881063
        },
        "http_req_duration": {
            "avg": 31.616983333333334,
            "min": 8.4981,
            "med": 14.2524,
            "max": 122.6723,
            "p(90)": 70.72194999999999,
            "p(95)": 96.697125
        },
        "iterations": {
            "rate": 1.1797219481881063,
            "count": 6
        },
        "http_req_receiving": {
            "avg": 0.8570333333333334,
            "min": 0,
            "med": 0.59015,
            "max": 2.0207,
            "p(90)": 1.98095,
            "p(95)": 2.0008250000000003
        },
        "checks": {
            "passes": 0,
            "fails": 6,
            "value": 0
        },
        "data_sent": {
            "count": 3480,
            "rate": 684.2387299491016
        },
        "http_req_sending": {
            "avg": 0.21463333333333334,
            "min": 0,
            "med": 0,
            "max": 0.6731,
            "p(90)": 0.6439,
            "p(95)": 0.6585000000000001
        },
        "vus": {
            "value": 0,
            "min": 0,
            "max": 0
        },
        "iteration_duration": {
            "p(90)": 135.1386,
            "p(95)": 159.7919,
            "avg": 98.2274,
            "min": 74.9169,
            "med": 82.26635,
            "max": 184.4452
        },
        "data_received": {
            "count": 13428,
            "rate": 2640.217720044982
        },
        "http_req_failed": {
            "fails": 0,
            "passes": 6,
            "thresholds": {
                "rate<0.05": true
            },
            "value": 1
        },
        "http_req_blocked": {
            "max": 22.5038,
            "p(90)": 20.00175,
            "p(95)": 21.252775,
            "avg": 15.763216666666667,
            "min": 11.1744,
            "med": 15.488900000000001
        },
        "http_req_connecting": {
            "p(90)": 3.9877,
            "p(95)": 4.1808499999999995,
            "avg": 2.6935,
            "min": 1.6816,
            "med": 2.3969,
            "max": 4.374
        }
    }
}