{
    "root_group": {
        "name": "",
        "path": "",
        "id": "d41d8cd98f00b204e9800998ecf8427e",
        "groups": {},
        "checks": {
                "status is 200": {
                    "name": "status is 200",
                    "path": "::status is 200",
                    "id": "6210a8cd14cd70477eba5c5e4cb3fb5f",
                    "passes": 0,
                    "fails": 6
                }
            }
    },
    "metrics": {
        "checks": {
            "passes": 0,
            "fails": 6,
            "value": 0
        },
        "http_req_receiving": {
            "p(90)": 1.5817,
            "p(95)": 1.79905,
            "avg": 0.7124333333333334,
            "min": 0,
            "med": 0.5556,
            "max": 2.0164
        },
        "http_req_blocked": {
            "avg": 12.6128,
            "min": 9.3121,
            "med": 12.890699999999999,
            "max": 15.8643,
            "p(90)": 14.8124,
            "p(95)": 15.33835
        },
        "vus": {
            "max": 0,
            "value": 0,
            "min": 0
        },
        "iterations": {
            "count": 6,
            "rate": 1.180390177973329
        },
        "http_req_failed": {
            "passes": 6,
            "fails": 0,
            "thresholds": {
                "rate<0.05": true
            },
            "value": 1
        },
        "http_req_connecting": {
            "avg": 1.7054500000000001,
            "min": 1.0211,
            "med": 1.78325,
            "max": 2.0672,
            "p(90)": 1.9868000000000001,
            "p(95)": 2.027
        },
        "vus_max": {
            "min": 50,
            "max": 50,
            "value": 50
        },
        "http_req_waiting": {
            "avg": 8.9604,
            "min": 5.9832,
            "med": 9.5533,
            "max": 11.1386,
            "p(90)": 10.75405,
            "p(95)": 10.946325
        },
        "http_req_duration": {
            "avg": 9.7916,
            "min": 5.9832,
            "med": 10.1089,
            "max": 13.0985,
            "p(90)": 12.69205,
            "p(95)": 12.895275
        },
        "data_received": {
            "count": 13428,
            "rate": 2641.7132183043104
        },
        "http_reqs": {
            "count": 6,
            "rate": 1.180390177973329
        },
        "http_req_sending": {
            "min": 0,
            "med": 0,
            "max": 0.7126,
            "p(90)": 0.3563,
            "p(95)": 0.53445,
            "avg": 0.11876666666666667
        },
        "iteration_duration": {
            "avg": 73.22859999999999,
            "min": 66.5795,
            "med": 74.43735000000001,
            "max": 79.886,
            "p(90)": 77.485,
            "p(95)": 78.68549999999999
        },
        "http_req_tls_handshaking": {
            "med": 10.49975,
            "max": 13.1035,
            "p(90)": 12.92145,
            "p(95)": 13.012475,
            "avg": 10.401016666666667,
            "min": 6.4753
        },
        "data_sent": {
            "rate": 684.6263032245308,
            "count": 3480
        }
    }
}