{
    "metrics": {
        "vus": {
            "value": 0,
            "min": 0,
            "max": 0
        },
        "http_req_failed": {
            "fails": 0,
            "passes": 6,
            "thresholds": {
                "rate<0.05": true
            },
            "value": 1
        },
        "http_req_connecting": {
            "med": 1.83615,
            "max": 16.5215,
            "p(90)": 10.6278,
            "p(95)": 13.57465,
            "avg": 4.602666666666666,
            "min": 1.2842
        },
        "data_received": {
            "count": 13428,
            "rate": 2636.9557606486233
        },
        "vus_max": {
            "value": 50,
            "min": 50,
            "max": 50
        },
        "checks": {
            "passes": 0,
            "fails": 6,
            "value": 0
        },
        "http_req_blocked": {
            "p(95)": 76.20105,
            "avg": 29.90428333333333,
            "min": 10.2096,
            "med": 17.1437,
            "max": 91.684,
            "p(90)": 60.71809999999999
        },
        "http_req_sending": {
            "max": 0.6355,
            "p(90)": 0.5915999999999999,
            "p(95)": 0.6135499999999999,
            "avg": 0.19719999999999996,
            "min": 0,
            "med": 0
        },
        "http_req_duration": {
            "p(95)": 24.375875,
            "avg": 14.609733333333333,
            "min": 8.2635,
            "med": 12.829,
            "max": 26.7689,
            "p(90)": 21.98285
        },
        "iterations": {
            "count": 6,
            "rate": 1.1782644149457655
        },
        "http_req_tls_handshaking": {
            "med": 11.781649999999999,
            "max": 49.5174,
            "p(90)": 34.328900000000004,
            "p(95)": 41.92315,
            "avg": 18.80705,
            "min": 8.9254
        },
        "iteration_duration": {
            "p(95)": 148.41285,
            "avg": 96.31773333333332,
            "min": 70.9843,
            "med": 85.2235,
            "max": 165.1051,
            "p(90)": 131.7206
        },
        "http_reqs": {
            "count": 6,
            "rate": 1.1782644149457655
        },
        "data_sent": {
            "count": 3480,
            "rate": 683.393360668544
        },
        "http_req_waiting": {
            "p(95)": 23.7889,
            "avg": 13.80145,
            "min": 7.5427,
            "med": 12.4215,
            "max": 26.3484,
            "p(90)": 21.2294
        },
        "http_req_receiving": {
            "min": 0,
            "med": 0.62975,
            "max": 1.1715,
            "p(90)": 0.99325,
            "p(95)": 1.0823749999999999,
            "avg": 0.6110833333333333
        }
    },
    "root_group": {
        "path": "",
        "id": "d41d8cd98f00b204e9800998ecf8427e",
        "groups": {},
        "checks": {
                "status is 200": {
                    "fails": 6,
                    "name": "status is 200",
                    "path": "::status is 200",
                    "id": "6210a8cd14cd70477eba5c5e4cb3fb5f",
                    "passes": 0
                }
            },
        "name": ""
    }
}