{
    "metrics": {
        "vus": {
            "value": 3,
            "min": 3,
            "max": 3
        },
        "data_sent": {
            "count": 705645,
            "rate": 23476.1668956933
        },
        "http_req_waiting": {
            "avg": 4.105027315123254,
            "min": 0.7479,
            "med": 2.9656000000000002,
            "max": 167.4536,
            "p(90)": 6.27189,
            "p(95)": 8.788099999999996
        },
        "http_req_blocked": {
            "avg": 0.21441212524983352,
            "min": 0,
            "med": 0,
            "max": 18.9458,
            "p(90)": 0,
            "p(95)": 0
        },
        "http_req_sending": {
            "avg": 0.026512991339107252,
            "min": 0,
            "med": 0,
            "max": 2.2053,
            "p(90)": 0,
            "p(95)": 0
        },
        "http_req_failed": {
            "passes": 1501,
            "fails": 1501,
            "thresholds": {
                "rate<0.05": true
            },
            "value": 0.5
        },
        "data_received": {
            "count": 771979,
            "rate": 25683.03870072121
        },
        "iterations": {
            "count": 1501,
            "rate": 49.93690384036682
        },
        "http_req_duration": {
            "avg": 4.3015288141239125,
            "min": 0.7479,
            "med": 3.1999500000000003,
            "max": 168.0151,
            "p(90)": 6.72348,
            "p(95)": 9.407189999999996
        },
        "http_req_duration{expected_response:true}": {
            "min": 0.7479,
            "med": 2.8596,
            "max": 156.639,
            "p(90)": 6.3851,
            "p(95)": 9.3707,
            "avg": 4.185895069953364
        },
        "iteration_duration": {
            "avg": 59.81918874083941,
            "min": 53.9695,
            "med": 56.9408,
            "max": 239.2174,
            "p(90)": 65.8884,
            "p(95)": 70.0921
        },
        "http_reqs": {
            "count": 3002,
            "rate": 99.87380768073363
        },
        "http_req_receiving": {
            "min": 0,
            "med": 0,
            "max": 15.8798,
            "p(90)": 0.56987,
            "p(95)": 0.7230349999999993,
            "avg": 0.16998850766155885
        },
        "checks": {
            "passes": 0,
            "fails": 1501,
            "value": 0
        },
        "http_req_tls_handshaking": {
            "min": 0,
            "med": 0,
            "max": 17.8345,
            "p(90)": 0,
            "p(95)": 0,
            "avg": 0.17736452365089944
        },
        "vus_max": {
            "value": 100,
            "min": 100,
            "max": 100
        },
        "http_req_connecting": {
            "avg": 0.02945443037974683,
            "min": 0,
            "med": 0,
            "max": 3.4169,
            "p(90)": 0,
            "p(95)": 0
        }
    },
    "root_group": {
        "name": "",
        "path": "",
        "id": "d41d8cd98f00b204e9800998ecf8427e",
        "groups": {},
        "checks": {
                "status is 200": {
                    "name": "status is 200",
                    "path": "::status is 200",
                    "id": "6210a8cd14cd70477eba5c5e4cb3fb5f",
                    "passes": 0,
                    "fails": 1501
                }
            }
    }
}