{
    "root_group": {
        "name": "",
        "path": "",
        "id": "d41d8cd98f00b204e9800998ecf8427e",
        "groups": {},
        "checks": {
                "status is 200": {
                    "path": "::status is 200",
                    "id": "6210a8cd14cd70477eba5c5e4cb3fb5f",
                    "passes": 0,
                    "fails": 1500,
                    "name": "status is 200"
                }
            }
    },
    "metrics": {
        "data_received": {
            "count": 513600,
            "rate": 17098.77830727135
        },
        "http_req_connecting": {
            "avg": 0.07717526666666667,
            "min": 0,
            "med": 0,
            "max": 7.2135,
            "p(90)": 0,
            "p(95)": 0.5789699999999998
        },
        "http_req_duration": {
            "med": 3.4648,
            "max": 50.833,
            "p(90)": 8.115850000000002,
            "p(95)": 9.75096,
            "avg": 4.618873133333332,
            "min": 1.0729
        },
        "checks": {
            "passes": 0,
            "fails": 1500,
            "value": 0
        },
        "http_req_failed": {
            "passes": 1500,
            "fails": 0,
            "thresholds": {
                "rate<0.05": true
            },
            "value": 1
        },
        "data_sent": {
            "rate": 11392.527135413271,
            "count": 342200
        },
        "vus": {
            "min": 3,
            "max": 3,
            "value": 3
        },
        "http_req_blocked": {
            "min": 0,
            "med": 0,
            "max": 70.167,
            "p(90)": 0,
            "p(95)": 5.0507849999999985,
            "avg": 0.6454059333333333
        },
        "http_req_waiting": {
            "min": 1.0729,
            "med": 3.3804499999999997,
            "max": 50.833,
            "p(90)": 7.483720000000007,
            "p(95)": 9.157289999999998,
            "avg": 4.384481199999996
        },
        "http_req_tls_handshaking": {
            "p(95)": 4.077579999999997,
            "avg": 0.5534919999999999,
            "min": 0,
            "med": 0,
            "max": 65.5954,
            "p(90)": 0
        },
        "http_req_sending": {
            "p(90)": 0,
            "p(95)": 0,
            "avg": 0.027439533333333325,
            "min": 0,
            "med": 0,
            "max": 1.6155
        },
        "vus_max": {
            "value": 100,
            "min": 100,
            "max": 100
        },
        "iterations": {
            "count": 1500,
            "rate": 49.93802075721773
        },
        "http_reqs": {
            "count": 1500,
            "rate": 49.93802075721773
        },
        "iteration_duration": {
            "p(95)": 63.09917,
            "avg": 56.1033836,
            "min": 51.4366,
            "med": 54.2005,
            "max": 136.8929,
            "p(90)": 60.08749000000001
        },
        "http_req_receiving": {
            "max": 8.3352,
            "p(90)": 0.6440500000000002,
            "p(95)": 0.998205,
            "avg": 0.2069524000000001,
            "min": 0,
            "med": 0
        }
    }
}