{
    "metrics": {
        "http_req_duration": {
            "p(90)": 344.5078400000001,
            "p(95)": 626.4100150000007,
            "avg": 114.54036278380224,
            "min": 0.5135,
            "med": 5.2814499999999995,
            "max": 1863.3565
        },
        "http_req_duration{expected_response:true}": {
            "max": 1693.8782,
            "p(90)": 306.74394000000075,
            "p(95)": 910.7790549999987,
            "avg": 118.4860889867841,
            "min": 0.5135,
            "med": 5.04685
        },
        "data_received": {
            "count": 3049258,
            "rate": 101449.4691492666
        },
        "http_req_connecting": {
            "p(90)": 0,
            "p(95)": 0,
            "avg": 0.030762106065740407,
            "min": 0,
            "med": 0,
            "max": 3.5755
        },
        "checks": {
            "passes": 0,
            "fails": 5902,
            "value": 0
        },
        "dropped_iterations": {
            "count": 99,
            "rate": 3.293751281714238
        },
        "http_req_receiving": {
            "avg": 8.354873483564878,
            "min": 0,
            "med": 0,
            "max": 536.3763,
            "p(90)": 14.349720000000035,
            "p(95)": 45.21135500000002
        },
        "vus_max": {
            "value": 400,
            "min": 400,
            "max": 400
        },
        "http_req_failed": {
            "passes": 5902,
            "fails": 5902,
            "thresholds": {
                "rate<0.05": true
            },
            "value": 0.5
        },
        "iteration_duration": {
            "med": 61.0188,
            "max": 2495.104,
            "p(90)": 944.1698200000016,
            "p(95)": 1876.6512649999997,
            "avg": 312.5357050152486,
            "min": 52.9546
        },
        "data_sent": {
            "count": 2777190,
            "rate": 92397.70830367641
        },
        "http_req_tls_handshaking": {
            "min": 0,
            "med": 0,
            "max": 2005.6442,
            "p(90)": 0,
            "p(95)": 0,
            "avg": 16.287028913927497
        },
        "http_reqs": {
            "count": 11804,
            "rate": 392.72161746823093
        },
        "http_req_blocked": {
            "avg": 16.326729498475068,
            "min": 0,
            "med": 0,
            "max": 2006.7332,
            "p(90)": 0,
            "p(95)": 0
        },
        "http_req_sending": {
            "med": 0,
            "max": 10.1076,
            "p(90)": 0,
            "p(95)": 0,
            "avg": 0.02765074550999661,
            "min": 0
        },
        "http_req_waiting": {
            "med": 4.9342500000000005,
            "max": 1693.8825,
            "p(90)": 301.8079,
            "p(95)": 543.1112400000037,
            "avg": 106.1578385547272,
            "min": 0.5073
        },
        "iterations": {
            "count": 5902,
            "rate": 196.36080873411547
        },
        "vus": {
            "value": 11,
            "min": 11,
            "max": 394
        }
    },
    "root_group": {
        "name": "",
        "path": "",
        "id": "d41d8cd98f00b204e9800998ecf8427e",
        "groups": {},
        "checks": {
                "status is 200": {
                    "path": "::status is 200",
                    "id": "6210a8cd14cd70477eba5c5e4cb3fb5f",
                    "passes": 0,
                    "fails": 5902,
                    "name": "status is 200"
                }
            }
    }
}