{
    "metrics": {
        "http_req_receiving": {
            "avg": 0.13576615589606938,
            "min": 0,
            "med": 0,
            "max": 13.8516,
            "p(90)": 0.55458,
            "p(95)": 0.6343449999999997
        },
        "iteration_duration": {
            "p(90)": 62.942,
            "p(95)": 67.6989,
            "avg": 58.184801598934015,
            "min": 54.0002,
            "med": 56.4239,
            "max": 129.5605
        },
        "iterations": {
            "count": 1501,
            "rate": 49.92940029368201
        },
        "vus_max": {
            "value": 100,
            "min": 100,
            "max": 100
        },
        "http_req_duration{expected_response:true}": {
            "min": 0.6778,
            "med": 2.7258,
            "max": 59.7641,
            "p(90)": 5.3074,
            "p(95)": 7.6321,
            "avg": 3.3194340439706878
        },
        "http_req_sending": {
            "min": 0,
            "med": 0,
            "max": 1.5558,
            "p(90)": 0,
            "p(95)": 0,
            "avg": 0.025226249167221854
        },
        "data_sent": {
            "count": 705645,
            "rate": 23472.63935392088
        },
        "http_reqs": {
            "count": 3002,
            "rate": 99.85880058736402
        },
        "http_req_tls_handshaking": {
            "med": 0,
            "max": 37.0531,
            "p(90)": 0,
            "p(95)": 0,
            "avg": 0.2054608927381745,
            "min": 0
        },
        "http_req_blocked": {
            "avg": 0.2516076948700866,
            "min": 0,
            "med": 0,
            "max": 38.1289,
            "p(90)": 0,
            "p(95)": 0
        },
        "http_req_duration": {
            "avg": 3.496172118587609,
            "min": 0.6778,
            "med": 2.8554500000000003,
            "max": 69.93,
            "p(90)": 5.31055,
            "p(95)": 7.6724899999999945
        },
        "http_req_connecting": {
            "avg": 0.03328241172551632,
            "min": 0,
            "med": 0,
            "max": 2.8365,
            "p(90)": 0,
            "p(95)": 0
        },
        "data_received": {
            "count": 771979,
            "rate": 25679.179553175443
        },
        "http_req_failed": {
            "passes": 1501,
            "fails": 1501,
            "thresholds": {
                "rate<0.05": true
            },
            "value": 0.5
        },
        "vus": {
            "value": 3,
            "min": 2,
            "max": 3
        },
        "checks": {
            "passes": 0,
            "fails": 1501,
            "value": 0
        },
        "http_req_waiting": {
            "min": 0.5456,
            "med": 2.7729,
            "max": 69.93,
            "p(90)": 5.064430000000001,
            "p(95)": 7.199179999999998,
            "avg": 3.3351797135243193
        }
    },
    "root_group": {
        "name": "",
        "path": "",
        "id": "d41d8cd98f00b204e9800998ecf8427e",
        "groups": {},
        "checks": {
                "status is 200": {
                    "name": "status is 200",
                    "path": "::status is 200",
                    "id": "6210a8cd14cd70477eba5c5e4cb3fb5f",
                    "passes": 0,
                    "fails": 1501
                }
            }
    }
}