{
    "root_group": {
        "path": "",
        "id": "d41d8cd98f00b204e9800998ecf8427e",
        "groups": {},
        "checks": {
                "status is 200": {
                    "name": "status is 200",
                    "path": "::status is 200",
                    "id": "6210a8cd14cd70477eba5c5e4cb3fb5f",
                    "passes": 0,
                    "fails": 6
                }
            },
        "name": ""
    },
    "metrics": {
        "http_req_receiving": {
            "avg": 0.19153333333333333,
            "min": 0,
            "med": 0,
            "max": 0.6401,
            "p(90)": 0.5746,
            "p(95)": 0.6073500000000001
        },
        "http_reqs": {
            "count": 6,
            "rate": 1.1808115292548418
        },
        "http_req_tls_handshaking": {
            "p(90)": 98.66675,
            "p(95)": 136.990125,
            "avg": 40.1043,
            "min": 5.8944,
            "med": 15.14075,
            "max": 175.3135
        },
        "http_req_duration": {
            "med": 9.04265,
            "max": 1170.2812,
            "p(90)": 590.0387999999999,
            "p(95)": 880.1599999999999,
            "avg": 202.0047166666666,
            "min": 6.4797
        },
        "http_req_waiting": {
            "avg": 201.71881666666664,
            "min": 6.4797,
            "med": 9.04265,
            "max": 1169.715,
            "p(90)": 589.4356499999999,
            "p(95)": 879.5753249999999
        },
        "iteration_duration": {
            "p(95)": 981.2303750000001,
            "avg": 297.49305,
            "min": 77.84,
            "med": 81.82535,
            "max": 1229.7289,
            "p(90)": 732.7318500000001
        },
        "iterations": {
            "count": 6,
            "rate": 1.1808115292548418
        },
        "http_req_failed": {
            "passes": 6,
            "fails": 0,
            "thresholds": {
                "rate<0.05": true
            },
            "value": 1
        },
        "data_received": {
            "count": 13428,
            "rate": 2642.656202472336
        },
        "http_req_blocked": {
            "avg": 44.4571,
            "min": 8.5964,
            "med": 19.003,
            "max": 177.8816,
            "p(90)": 101.5068,
            "p(95)": 139.6942
        },
        "checks": {
            "passes": 0,
            "fails": 6,
            "value": 0
        },
        "data_sent": {
            "count": 3480,
            "rate": 684.8706869678083
        },
        "vus": {
            "min": 0,
            "max": 1,
            "value": 0
        },
        "http_req_connecting": {
            "max": 3.112,
            "p(90)": 2.8629,
            "p(95)": 2.98745,
            "avg": 2.2112333333333334,
            "min": 1.1721,
            "med": 2.44475
        },
        "vus_max": {
            "value": 50,
            "min": 50,
            "max": 50
        },
        "http_req_sending": {
            "p(95)": 0.42465,
            "avg": 0.09436666666666667,
            "min": 0,
            "med": 0,
            "max": 0.5662,
            "p(90)": 0.2831
        }
    }
}