{
    "root_group": {
        "name": "",
        "path": "",
        "id": "d41d8cd98f00b204e9800998ecf8427e",
        "groups": {},
        "checks": {
                "status is 200": {
                    "name": "status is 200",
                    "path": "::status is 200",
                    "id": "6210a8cd14cd70477eba5c5e4cb3fb5f",
                    "passes": 0,
                    "fails": 1501
                }
            }
    },
    "metrics": {
        "data_received": {
            "count": 0,
            "rate": 0
        },
        "vus_max": {
            "value": 100,
            "min": 100,
            "max": 100
        },
        "http_req_waiting": {
            "p(90)": 4.3084,
            "p(95)": 5.9987,
            "avg": 2.50788300999412,
            "min": 0,
            "med": 1.84,
            "max": 63.751
        },
        "http_req_blocked": {
            "p(95)": 2.8868,
            "avg": 1.2770886537331003,
            "min": 0,
            "med": 1.0176,
            "max": 24.1776,
            "p(90)": 2.2061
        },
        "http_req_duration": {
            "max": 64.2577,
            "p(90)": 4.5136,
            "p(95)": 6.1506,
            "avg": 2.6419413286302196,
            "min": 0,
            "med": 1.9571
        },
        "iterations": {
            "count": 1501,
            "rate": 48.650598351796816
        },
        "http_req_receiving": {
            "max": 0,
            "p(90)": 0,
            "p(95)": 0,
            "avg": 0,
            "min": 0,
            "med": 0
        },
        "http_req_connecting": {
            "avg": 1.1668087595532057,
            "min": 0,
            "med": 0.9217,
            "max": 24.1776,
            "p(90)": 2.013,
            "p(95)": 2.6234
        },
        "checks": {
            "passes": 0,
            "fails": 1501,
            "value": 0
        },
        "vus": {
            "value": 3,
            "min": 2,
            "max": 3
        },
        "http_req_sending": {
            "max": 10.3742,
            "p(90)": 0.571,
            "p(95)": 0.6339,
            "avg": 0.1340583186360965,
            "min": 0,
            "med": 0
        },
        "http_reqs": {
            "count": 1701,
            "rate": 55.133023182149486
        },
        "iteration_duration": {
            "med": 54.0631,
            "max": 122.1719,
            "p(90)": 59.7481,
            "p(95)": 63.655,
            "avg": 55.77395522984685,
            "min": 51.5144
        },
        "http_req_tls_handshaking": {
            "avg": 0,
            "min": 0,
            "med": 0,
            "max": 0,
            "p(90)": 0,
            "p(95)": 0
        },
        "data_sent": {
            "count": 304920,
            "rate": 9883.104896355686
        },
        "http_req_failed": {
            "passes": 1701,
            "fails": 0,
            "thresholds": {
                "rate<0.05": true
            },
            "value": 1
        }
    }
}