{
    "root_group": {
        "name": "",
        "path": "",
        "id": "d41d8cd98f00b204e9800998ecf8427e",
        "groups": {},
        "checks": {
                "status is 200": {
                    "name": "status is 200",
                    "path": "::status is 200",
                    "id": "6210a8cd14cd70477eba5c5e4cb3fb5f",
                    "passes": 0,
                    "fails": 1500
                }
            }
    },
    "metrics": {
        "data_received": {
            "count": 0,
            "rate": 0
        },
        "http_req_sending": {
            "min": 0,
            "med": 0,
            "max": 4.6811,
            "p(90)": 0.5806600000000001,
            "p(95)": 0.7271249999999999,
            "avg": 0.15288653333333346
        },
        "http_req_receiving": {
            "p(95)": 0,
            "avg": 0,
            "min": 0,
            "med": 0,
            "max": 0,
            "p(90)": 0
        },
        "iterations": {
            "count": 1500,
            "rate": 49.94099055790662
        },
        "vus_max": {
            "max": 100,
            "value": 100,
            "min": 100
        },
        "http_req_connecting": {
            "p(90)": 2.6523100000000004,
            "p(95)": 4.455209999999997,
            "avg": 1.4198116666666665,
            "min": 0,
            "med": 1.0309499999999998,
            "max": 28.6022
        },
        "checks": {
            "passes": 0,
            "fails": 1500,
            "value": 0
        },
        "data_sent": {
            "count": 267840,
            "rate": 8917.463274019807
        },
        "http_req_blocked": {
            "med": 1.0585,
            "max": 43.3393,
            "p(90)": 2.903780000000004,
            "p(95)": 4.745524999999996,
            "avg": 1.6057471333333302,
            "min": 0
        },
        "http_req_duration": {
            "avg": 3.6348466666666677,
            "min": 0,
            "med": 2.21495,
            "max": 63.6662,
            "p(90)": 6.201570000000004,
            "p(95)": 11.612414999999999
        },
        "http_req_tls_handshaking": {
            "avg": 0,
            "min": 0,
            "med": 0,
            "max": 0,
            "p(90)": 0,
            "p(95)": 0
        },
        "iteration_duration": {
            "max": 283.6244,
            "p(90)": 66.51152000000002,
            "p(95)": 81.90048999999999,
            "avg": 59.045748933333265,
            "min": 51.9289,
            "med": 54.46705
        },
        "http_req_waiting": {
            "med": 2.0776000000000003,
            "max": 63.6662,
            "p(90)": 6.0434300000000025,
            "p(95)": 11.212084999999997,
            "avg": 3.481960133333334,
            "min": 0
        },
        "vus": {
            "max": 3,
            "value": 3,
            "min": 2
        },
        "http_req_failed": {
            "passes": 1500,
            "fails": 0,
            "thresholds": {
                "rate<0.05": true
            },
            "value": 1
        },
        "http_reqs": {
            "rate": 49.94099055790662,
            "count": 1500
        }
    }
}