{
    "root_group": {
        "name": "",
        "path": "",
        "id": "d41d8cd98f00b204e9800998ecf8427e",
        "groups": {},
        "checks": {
                "status is 200": {
                    "name": "status is 200",
                    "path": "::status is 200",
                    "id": "6210a8cd14cd70477eba5c5e4cb3fb5f",
                    "passes": 0,
                    "fails": 5
                }
            }
    },
    "metrics": {
        "data_sent": {
            "count": 2900,
            "rate": 579.5570445508498
        },
        "http_req_waiting": {
            "med": 17.5382,
            "max": 370.1035,
            "p(90)": 232.04766,
            "p(95)": 301.07557999999995,
            "avg": 88.71690000000001,
            "min": 14.144
        },
        "checks": {
            "passes": 0,
            "fails": 5,
            "value": 0
        },
        "http_reqs": {
            "count": 5,
            "rate": 0.9992362837083617
        },
        "http_req_tls_handshaking": {
            "min": 15.6184,
            "med": 17.5671,
            "max": 401.7574,
            "p(90)": 249.62456000000003,
            "p(95)": 325.69097999999997,
            "avg": 94.62566000000001
        },
        "http_req_duration": {
            "max": 371.2507,
            "p(90)": 233.26958000000005,
            "p(95)": 302.26014,
            "avg": 89.21314000000001,
            "min": 14.144,
            "med": 17.5382
        },
        "iteration_duration": {
            "med": 93.1027,
            "max": 834.729,
            "p(90)": 540.4085600000001,
            "p(95)": 687.56878,
            "avg": 239.45824000000002,
            "min": 84.5813
        },
        "http_req_connecting": {
            "p(90)": 2.91616,
            "p(95)": 2.95978,
            "avg": 2.33518,
            "min": 1.1152,
            "med": 2.4898,
            "max": 3.0034
        },
        "vus": {
            "value": 0,
            "min": 0,
            "max": 0
        },
        "http_req_receiving": {
            "min": 0,
            "med": 0,
            "max": 1.1472,
            "p(90)": 0.9333600000000001,
            "p(95)": 1.0402799999999999,
            "avg": 0.35196
        },
        "http_req_blocked": {
            "avg": 99.00626000000001,
            "min": 18.6218,
            "med": 21.1442,
            "max": 412.3079,
            "p(90)": 256.86774,
            "p(95)": 334.58781999999997
        },
        "data_received": {
            "count": 11190,
            "rate": 2236.2908029393134
        },
        "vus_max": {
            "value": 50,
            "min": 50,
            "max": 50
        },
        "http_req_sending": {
            "p(90)": 0.4328400000000001,
            "p(95)": 0.5771199999999999,
            "avg": 0.14428000000000002,
            "min": 0,
            "med": 0,
            "max": 0.7214
        },
        "iterations": {
            "count": 5,
            "rate": 0.9992362837083617
        },
        "http_req_failed": {
            "fails": 0,
            "passes": 5,
            "thresholds": {
                "rate<0.05": true
            },
            "value": 1
        }
    }
}