{
    "root_group": {
        "name": "",
        "path": "",
        "id": "d41d8cd98f00b204e9800998ecf8427e",
        "groups": {},
        "checks": {
                "status is 200": {
                    "path": "::status is 200",
                    "id": "6210a8cd14cd70477eba5c5e4cb3fb5f",
                    "passes": 0,
                    "fails": 6,
                    "name": "status is 200"
                }
            }
    },
    "metrics": {
        "http_req_blocked": {
            "med": 20.98285,
            "max": 25.7275,
            "p(90)": 25.4072,
            "p(95)": 25.567349999999998,
            "avg": 20.081500000000002,
            "min": 9.1394
        },
        "data_sent": {
            "count": 3480,
            "rate": 685.0462070556491
        },
        "http_req_duration": {
            "med": 6.86715,
            "max": 12.0474,
            "p(90)": 11.25865,
            "p(95)": 11.653025,
            "avg": 8.110149999999999,
            "min": 6.159
        },
        "iterations": {
            "count": 6,
            "rate": 1.1811141500959468
        },
        "data_received": {
            "count": 13428,
            "rate": 2643.3334679147288
        },
        "checks": {
            "passes": 0,
            "fails": 6,
            "value": 0
        },
        "vus_max": {
            "value": 50,
            "min": 50,
            "max": 50
        },
        "http_req_sending": {
            "med": 0,
            "max": 0.7712,
            "p(90)": 0.67225,
            "p(95)": 0.721725,
            "avg": 0.22408333333333333,
            "min": 0
        },
        "http_reqs": {
            "count": 6,
            "rate": 1.1811141500959468
        },
        "http_req_tls_handshaking": {
            "med": 16.38755,
            "max": 24.0738,
            "p(90)": 21.758249999999997,
            "p(95)": 22.916024999999998,
            "avg": 14.905266666666668,
            "min": 6.301
        },
        "vus": {
            "value": 0,
            "min": 0,
            "max": 0
        },
        "http_req_connecting": {
            "max": 2.6791,
            "p(90)": 2.5651,
            "p(95)": 2.6221,
            "avg": 1.9071,
            "min": 1.0131,
            "med": 2.0726500000000003
        },
        "http_req_receiving": {
            "p(95)": 0.56575,
            "avg": 0.4504166666666667,
            "min": 0,
            "med": 0.53245,
            "max": 0.5681,
            "p(90)": 0.5634
        },
        "http_req_failed": {
            "fails": 0,
            "passes": 6,
            "thresholds": {
                "rate<0.05": true
            },
            "value": 1
        },
        "iteration_duration": {
            "p(95)": 85.6275,
            "avg": 78.75983333333333,
            "min": 65.7911,
            "med": 80.84925000000001,
            "max": 86.6292,
            "p(90)": 84.6258
        },
        "http_req_waiting": {
            "max": 11.5263,
            "p(90)": 10.7262,
            "p(95)": 11.12625,
            "avg": 7.435649999999999,
            "min": 5.1089,
            "med": 6.2667
        }
    }
}